timestamp,symbol,n_trades,buy_notional,sell_notional,imbalance,large_trade_threshold,large_trade_count,large_trade_net_notional
2026-09-26 17:55:12.603000+00:00,BTC/USDT,500,282159.32,198407.31,0.1743,3721.71,25,19200.38
2026-09-26 17:55:12.603000+00:00,BTC/USDT,500,282159.32,198407.31,0.1743,3721.71,25,19200.38
2026-09-26 17:55:12.603000+00:00,BTC/USDT,500,282159.32,198407.31,0.1743,3721.71,25,19200.38
2026-09-26 17:55:12.603000+00:00,BTC/USDT,500,282159.32,198407.31,0.1743,3721.71,25,19200.38
2026-09-26 17:55:12.603000+00:00,BTC/USDT,500,282159.32,198407.31,0.1743,3721.71,25,19200.38
2026-09-26 17:55:12.603000+00:00,BTC/USDT,500,282159.32,198407.31,0.1743,3721.71,25,19200.38
2026-09-26 17:55:12.603000+00:00,BTC/USDT,500,282159.32,198407.31,0.1743,3721.71,25,19200.38
2026-09-26 17:55:12.603000+00:00,BTC/USDT,500,282159.32,198407.31,0.1743,3721.71,25,19200.38
2026-09-26 17:55:12.603000+00:00,BTC/USDT,500,282159.32,198407.31,0.1743,3721.71,25,19200.38
2026-09-26 17:55:12.603000+00:00,BTC/USDT,500,282159.32,198407.31,0.1743,3721.71,25,19200.38
2026-09-26 17:55:12.603000+00:00,BTC/USDT,500,282159.32,198407.31,0.1743,3721.71,25,19200.38
2026-09-26 17:55:12.603000+00:00,BTC/USDT,500,282159.32,198407.31,0.1743,3721.71,25,19200.38
2026-09-26 17:55:12.603000+00:00,BTC/USDT,500,282159.32,198407.31,0.1743,3721.71,25,19200.38
2026-09-26 17:55:12.603000+00:00,BTC/USDT,500,282159.32,198407.31,0.1743,3721.71,25,19200.38
2026-09-26 17:55:12.603000+00:00,BTC/USDT,500,282159.32,198407.31,0.1743,3721.71,25,19200.38
2026-09-26 17:55:12.603000+00:00,BTC/USDT,500,282159.32,198407.31,0.1743,3721.71,25,19200.38
2026-09-26 17:55:12.603000+00:00,BTC/USDT,500,282159.32,198407.31,0.1743,3721.71,25,19200.38
2026-09-26 17:55:12.603000+00:00,BTC/USDT,500,282159.32,198407.31,0.1743,3721.71,25,19200.38
2026-09-26 17:55:12.603000+00:00,BTC/USDT,500,282159.32,198407.31,0.1743,3721.71,25,19200.38
2026-09-26 17:55:12.603000+00:00,BTC/USDT,500,282159.32,198407.31,0.1743,3721.71,25,19200.38
2026-09-26 17:55:12.603000+00:00,BTC/USDT,500,282159.32,198407.31,0.1743,3721.71,25,19200.38
2026-09-26 17:55:12.603000+00:00,BTC/USDT,500,282159.32,198407.31,0.1743,3721.71,25,19200.38
2026-09-26 17:55:12.603000+00:00,BTC/USDT,500,282159.32,198407.31,0.1743,3721.71,25,19200.38
2026-09-26 17:55:12.603000+00:00,BTC/USDT,500,282159.32,198407.31,0.1743,3721.71,25,19200.38
2026-09-26 17:55:12.603000+00:00,BTC/USDT,500,282159.32,198407.31,0.1743,3721.71,25,19200.38
2026-09-26 17:55:12.603000+00:00,BTC/USDT,500,282159.32,198407.31,0.1743,3721.71,25,19200.38
2026-09-26 17:55:12.603000+00:00,BTC/USDT,500,282159.32,198407.31,0.1743,3721.71,25,19200.38
2026-09-26 17:55:12.603000+00:00,BTC/USDT,500,282159.32,198407.31,0.1743,3721.71,25,19200.38
2026-09-26 17:55:12.603000+00:00,BTC/USDT,500,282159.32,198407.31,0.1743,3721.71,25,19200.38
2026-09-26 17:55:12.603000+00:00,BTC/USDT,500,282159.32,198407.31,0.1743,3721.71,25,19200.38
2026-09-26 17:55:12.603000+00:00,BTC/USDT,500,282159.32,198407.31,0.1743,3721.71,25,19200.38
2026-09-26 17:55:12.603000+00:00,BTC/USDT,500,282159.32,198407.31,0.1743,3721.71,25,19200.38
2026-09-26 17:55:12.603000+00:00,BTC/USDT,500,282159.32,198407.31,0.1743,3721.71,25,19200.38
2026-09-26 17:55:12.603000+00:00,BTC/USDT,500,282159.32,198407.31,0.1743,3721.71,25,19200.38
2026-09-26 17:55:12.603000+00:00,BTC/USDT,500,282159.32,198407.31,0.1743,3721.71,25,19200.38
2026-09-26 17:55:12.603000+00:00,BTC/USDT,500,282159.32,198407.31,0.1743,3721.71,25,19200.38
2026-09-26 17:55:12.603000+00:00,BTC/USDT,500,282159.32,198407.31,0.1743,3721.71,25,19200.38
2026-09-26 17:55:12.603000+00:00,BTC/USDT,500,282159.32,198407.31,0.1743,3721.71,25,19200.38
2026-09-26 17:55:12.603000+00:00,BTC/USDT,500,282159.32,198407.31,0.1743,3721.71,25,19200.38
2026-09-26 17:55:12.603000+00:00,BTC/USDT,500,282159.32,198407.31,0.1743,3721.71,25,19200.38
2026-09-26 17:55:12.603000+00:00,BTC/USDT,500,282159.32,198407.31,0.1743,3721.71,25,19200.38
2026-09-26 17:55:12.603000+00:00,BTC/USDT,500,282159.32,198407.31,0.1743,3721.71,25,19200.38
2026-09-26 17:55:12.603000+00:00,BTC/USDT,500,282159.32,198407.31,0.1743,3721.71,25,19200.38
2026-09-26 17:55:12.603000+00:00,BTC/USDT,500,282159.32,198407.31,0.1743,3721.71,25,19200.38
2026-09-26 20:51:29.092000+00:00,BTC/USDT,500,169107.86,189236.09,-0.0562,2805.26,25,-15843.75
2026-09-26 20:51:29.092000+00:00,BTC/USDT,500,169107.86,189236.09,-0.0562,2805.26,25,-15843.75
2026-09-26 20:51:29.092000+00:00,BTC/USDT,500,169107.86,189236.09,-0.0562,2805.26,25,-15843.75
2026-09-26 20:51:29.092000+00:00,BTC/USDT,500,169107.86,189236.09,-0.0562,2805.26,25,-15843.75
2026-09-26 20:51:29.092000+00:00,BTC/USDT,500,169107.86,189236.09,-0.0562,2805.26,25,-15843.75
2026-09-26 20:51:29.092000+00:00,BTC/USDT,500,169107.86,189236.09,-0.0562,2805.26,25,-15843.75
2026-09-26 20:52:17.893000+00:00,BTC/USDT,500,168505.07,189236.09,-0.0579,2805.26,25,-15843.75
2026-09-26 20:52:17.893000+00:00,BTC/USDT,500,168505.07,189236.09,-0.0579,2805.26,25,-15843.75
2026-09-26 20:52:17.893000+00:00,BTC/USDT,500,168505.07,189236.09,-0.0579,2805.26,25,-15843.75
2026-09-26 20:52:17.893000+00:00,BTC/USDT,500,168505.07,189236.09,-0.0579,2805.26,25,-15843.75
2026-09-26 20:52:23.409000+00:00,BTC/USDT,500,167384.75,189336.24,-0.0615,2805.26,25,-15843.75
2026-09-26 20:52:23.409000+00:00,BTC/USDT,500,167384.75,189336.24,-0.0615,2805.26,25,-15843.75
2026-09-26 20:52:23.409000+00:00,BTC/USDT,500,167384.75,189336.24,-0.0615,2805.26,25,-15843.75
2026-09-26 20:52:23.409000+00:00,BTC/USDT,500,167384.75,189336.24,-0.0615,2805.26,25,-15843.75
2026-09-26 20:52:23.409000+00:00,BTC/USDT,500,167384.75,189336.24,-0.0615,2805.26,25,-15843.75
2026-09-26 20:52:23.409000+00:00,BTC/USDT,500,167384.75,189336.24,-0.0615,2805.26,25,-15843.75
2026-09-26 20:52:23.409000+00:00,BTC/USDT,500,167384.75,189336.24,-0.0615,2805.26,25,-15843.75
2026-09-26 20:52:23.409000+00:00,BTC/USDT,500,167384.75,189336.24,-0.0615,2805.26,25,-15843.75
2026-09-26 20:52:23.409000+00:00,BTC/USDT,500,167384.75,189336.24,-0.0615,2805.26,25,-15843.75
2026-09-26 20:52:23.409000+00:00,BTC/USDT,500,167384.75,189336.24,-0.0615,2805.26,25,-15843.75
2026-09-26 20:52:23.409000+00:00,BTC/USDT,500,167384.75,189336.24,-0.0615,2805.26,25,-15843.75
2026-09-26 20:52:23.409000+00:00,BTC/USDT,500,167384.75,189336.24,-0.0615,2805.26,25,-15843.75
2026-09-26 20:52:23.409000+00:00,BTC/USDT,500,167384.75,189336.24,-0.0615,2805.26,25,-15843.75
2026-09-26 20:52:23.409000+00:00,BTC/USDT,500,167384.75,189336.24,-0.0615,2805.26,25,-15843.75
2026-09-26 20:52:39.795000+00:00,BTC/USDT,500,163351.52,189436.81,-0.0739,2804.16,25,-22681.19
2026-09-26 20:52:39.795000+00:00,BTC/USDT,500,163351.52,189436.81,-0.0739,2804.16,25,-22681.19
2026-09-26 20:52:39.795000+00:00,BTC/USDT,500,163351.52,189436.81,-0.0739,2804.16,25,-22681.19
2026-09-26 20:52:39.795000+00:00,BTC/USDT,500,163351.52,189436.81,-0.0739,2804.16,25,-22681.19
2026-09-26 20:52:39.795000+00:00,BTC/USDT,500,163351.52,189436.81,-0.0739,2804.16,25,-22681.19
2026-09-26 20:52:39.795000+00:00,BTC/USDT,500,163351.52,189436.81,-0.0739,2804.16,25,-22681.19
2026-09-26 20:52:39.795000+00:00,BTC/USDT,500,163351.52,189436.81,-0.0739,2804.16,25,-22681.19
2026-09-26 20:52:39.795000+00:00,BTC/USDT,500,163351.52,189436.81,-0.0739,2804.16,25,-22681.19
2026-09-26 20:52:39.795000+00:00,BTC/USDT,500,163351.52,189436.81,-0.0739,2804.16,25,-22681.19
2026-09-26 20:52:39.795000+00:00,BTC/USDT,500,163351.52,189436.81,-0.0739,2804.16,25,-22681.19
2026-09-26 20:52:39.795000+00:00,BTC/USDT,500,163351.52,189436.81,-0.0739,2804.16,25,-22681.19
2026-09-26 23:27:13.450000+00:00,BTC/USDT,500,88775.76,193317.17,-0.3706,2120.1,25,-55833.17
2026-09-26 23:27:13.450000+00:00,BTC/USDT,500,88775.76,193317.17,-0.3706,2120.1,25,-55833.17
2026-09-26 23:27:13.450000+00:00,BTC/USDT,500,88775.76,193317.17,-0.3706,2120.1,25,-55833.17
2026-09-26 23:27:13.450000+00:00,BTC/USDT,500,88775.76,193317.17,-0.3706,2120.1,25,-55833.17
2026-09-26 23:27:13.450000+00:00,BTC/USDT,500,88775.76,193317.17,-0.3706,2120.1,25,-55833.17
2026-09-26 23:27:13.450000+00:00,BTC/USDT,500,88775.76,193317.17,-0.3706,2120.1,25,-55833.17
2026-09-26 23:27:13.450000+00:00,BTC/USDT,500,88775.76,193317.17,-0.3706,2120.1,25,-55833.17
2026-09-26 23:27:13.450000+00:00,BTC/USDT,500,88775.76,193317.17,-0.3706,2120.1,25,-55833.17
2026-09-26 23:27:13.450000+00:00,BTC/USDT,500,88775.76,193317.17,-0.3706,2120.1,25,-55833.17
2026-09-26 23:27:13.450000+00:00,BTC/USDT,500,88775.76,193317.17,-0.3706,2120.1,25,-55833.17
2026-09-26 23:27:13.450000+00:00,BTC/USDT,500,88775.76,193317.17,-0.3706,2120.1,25,-55833.17
2026-09-26 23:27:13.450000+00:00,BTC/USDT,500,88775.76,193317.17,-0.3706,2120.1,25,-55833.17
2026-09-26 23:27:13.450000+00:00,BTC/USDT,500,88775.76,193317.17,-0.3706,2120.1,25,-55833.17
2026-09-26 23:27:13.450000+00:00,BTC/USDT,500,88775.76,193317.17,-0.3706,2120.1,25,-55833.17
2026-09-26 23:27:13.450000+00:00,BTC/USDT,500,88775.76,193317.17,-0.3706,2120.1,25,-55833.17
2026-09-26 23:27:13.450000+00:00,BTC/USDT,500,88775.76,193317.17,-0.3706,2120.1,25,-55833.17
2026-09-26 23:27:13.450000+00:00,BTC/USDT,500,88775.76,193317.17,-0.3706,2120.1,25,-55833.17
2026-09-26 23:27:13.450000+00:00,BTC/USDT,500,88775.76,193317.17,-0.3706,2120.1,25,-55833.17
2026-09-26 23:27:13.450000+00:00,BTC/USDT,500,88775.76,193317.17,-0.3706,2120.1,25,-55833.17
2026-09-26 23:27:13.450000+00:00,BTC/USDT,500,88775.76,193317.17,-0.3706,2120.1,25,-55833.17
2026-09-26 23:27:13.450000+00:00,BTC/USDT,500,88775.76,193317.17,-0.3706,2120.1,25,-55833.17
2026-09-26 23:27:13.450000+00:00,BTC/USDT,500,88775.76,193317.17,-0.3706,2120.1,25,-55833.17
2026-09-26 23:27:13.450000+00:00,BTC/USDT,500,88775.76,193317.17,-0.3706,2120.1,25,-55833.17
2026-09-26 23:27:13.450000+00:00,BTC/USDT,500,88775.76,193317.17,-0.3706,2120.1,25,-55833.17
2026-09-26 23:27:13.450000+00:00,BTC/USDT,500,88775.76,193317.17,-0.3706,2120.1,25,-55833.17
2026-09-26 23:27:13.450000+00:00,BTC/USDT,500,88775.76,193317.17,-0.3706,2120.1,25,-55833.17
2026-09-26 23:27:13.450000+00:00,BTC/USDT,500,88775.76,193317.17,-0.3706,2120.1,25,-55833.17
2026-09-26 23:27:13.450000+00:00,BTC/USDT,500,88775.76,193317.17,-0.3706,2120.1,25,-55833.17
2026-09-26 23:27:13.450000+00:00,BTC/USDT,500,88775.76,193317.17,-0.3706,2120.1,25,-55833.17
2026-09-26 23:27:13.450000+00:00,BTC/USDT,500,88775.76,193317.17,-0.3706,2120.1,25,-55833.17
2026-09-26 23:27:13.450000+00:00,BTC/USDT,500,88775.76,193317.17,-0.3706,2120.1,25,-55833.17
2026-09-27 01:41:43.409000+00:00,BTC/USDT,500,273021.71,189506.69,0.1806,4083.73,25,115270.4
2026-09-27 01:41:43.409000+00:00,BTC/USDT,500,273021.71,189506.69,0.1806,4083.73,25,115270.4
2026-09-27 01:41:43.409000+00:00,BTC/USDT,500,273021.71,189506.69,0.1806,4083.73,25,115270.4
2026-09-27 01:41:43.409000+00:00,BTC/USDT,500,273021.71,189506.69,0.1806,4083.73,25,115270.4
2026-09-27 01:41:43.409000+00:00,BTC/USDT,500,273021.71,189506.69,0.1806,4083.73,25,115270.4
2026-09-27 01:41:43.409000+00:00,BTC/USDT,500,273021.71,189506.69,0.1806,4083.73,25,115270.4
2026-09-27 01:41:43.409000+00:00,BTC/USDT,500,273021.71,189506.69,0.1806,4083.73,25,115270.4
2026-09-27 01:41:43.409000+00:00,BTC/USDT,500,273021.71,189506.69,0.1806,4083.73,25,115270.4
2026-09-27 01:41:43.409000+00:00,BTC/USDT,500,273021.71,189506.69,0.1806,4083.73,25,115270.4
2026-09-27 01:41:43.409000+00:00,BTC/USDT,500,273021.71,189506.69,0.1806,4083.73,25,115270.4
2026-09-27 01:41:43.409000+00:00,BTC/USDT,500,273021.71,189506.69,0.1806,4083.73,25,115270.4
2026-09-27 01:41:43.409000+00:00,BTC/USDT,500,273021.71,189506.69,0.1806,4083.73,25,115270.4
2026-09-27 01:41:43.409000+00:00,BTC/USDT,500,273021.71,189506.69,0.1806,4083.73,25,115270.4
2026-09-27 01:41:43.409000+00:00,BTC/USDT,500,273021.71,189506.69,0.1806,4083.73,25,115270.4
2026-09-27 01:41:43.409000+00:00,BTC/USDT,500,273021.71,189506.69,0.1806,4083.73,25,115270.4
2026-09-27 01:41:43.409000+00:00,BTC/USDT,500,273021.71,189506.69,0.1806,4083.73,25,115270.4
2026-09-27 01:41:43.409000+00:00,BTC/USDT,500,273021.71,189506.69,0.1806,4083.73,25,115270.4
2026-09-27 01:41:43.409000+00:00,BTC/USDT,500,273021.71,189506.69,0.1806,4083.73,25,115270.4
2026-09-27 01:41:43.409000+00:00,BTC/USDT,500,273021.71,189506.69,0.1806,4083.73,25,115270.4
2026-09-27 01:41:43.409000+00:00,BTC/USDT,500,273021.71,189506.69,0.1806,4083.73,25,115270.4
2026-09-27 01:41:43.409000+00:00,BTC/USDT,500,273021.71,189506.69,0.1806,4083.73,25,115270.4
2026-09-27 01:41:43.409000+00:00,BTC/USDT,500,273021.71,189506.69,0.1806,4083.73,25,115270.4
2026-09-27 01:41:43.409000+00:00,BTC/USDT,500,273021.71,189506.69,0.1806,4083.73,25,115270.4
2026-09-27 01:41:43.409000+00:00,BTC/USDT,500,273021.71,189506.69,0.1806,4083.73,25,115270.4
2026-09-27 01:41:43.409000+00:00,BTC/USDT,500,273021.71,189506.69,0.1806,4083.73,25,115270.4
2026-09-27 01:41:43.409000+00:00,BTC/USDT,500,273021.71,189506.69,0.1806,4083.73,25,115270.4
2026-09-27 01:41:43.409000+00:00,BTC/USDT,500,273021.71,189506.69,0.1806,4083.73,25,115270.4
2026-09-27 07:08:10.285000+00:00,BTC/USDT,500,559077.74,186173.07,0.5004,10002.16,25,320240.19
2026-09-27 07:08:10.285000+00:00,BTC/USDT,500,559077.74,186173.07,0.5004,10002.16,25,320240.19
2026-09-27 07:08:10.285000+00:00,BTC/USDT,500,559077.74,186173.07,0.5004,10002.16,25,320240.19
2026-09-27 07:08:10.285000+00:00,BTC/USDT,500,559077.74,186173.07,0.5004,10002.16,25,320240.19
2026-09-27 07:08:10.285000+00:00,BTC/USDT,500,559077.74,186173.07,0.5004,10002.16,25,320240.19
2026-09-27 07:08:10.285000+00:00,BTC/USDT,500,559077.74,186173.07,0.5004,10002.16,25,320240.19
2026-09-27 07:08:10.285000+00:00,BTC/USDT,500,559077.74,186173.07,0.5004,10002.16,25,320240.19
2026-09-27 07:08:10.285000+00:00,BTC/USDT,500,559077.74,186173.07,0.5004,10002.16,25,320240.19
2026-09-27 07:08:10.285000+00:00,BTC/USDT,500,559077.74,186173.07,0.5004,10002.16,25,320240.19
2026-09-27 07:08:10.285000+00:00,BTC/USDT,500,559077.74,186173.07,0.5004,10002.16,25,320240.19
2026-09-27 07:08:10.285000+00:00,BTC/USDT,500,559077.74,186173.07,0.5004,10002.16,25,320240.19
2026-09-27 07:08:10.285000+00:00,BTC/USDT,500,559077.74,186173.07,0.5004,10002.16,25,320240.19
2026-09-27 07:08:10.285000+00:00,BTC/USDT,500,559077.74,186173.07,0.5004,10002.16,25,320240.19
2026-09-27 07:08:10.285000+00:00,BTC/USDT,500,559077.74,186173.07,0.5004,10002.16,25,320240.19
2026-09-27 07:08:10.285000+00:00,BTC/USDT,500,559077.74,186173.07,0.5004,10002.16,25,320240.19
2026-09-27 07:08:10.285000+00:00,BTC/USDT,500,559077.74,186173.07,0.5004,10002.16,25,320240.19
2026-09-27 07:08:10.285000+00:00,BTC/USDT,500,559077.74,186173.07,0.5004,10002.16,25,320240.19
2026-09-27 07:08:10.285000+00:00,BTC/USDT,500,559077.74,186173.07,0.5004,10002.16,25,320240.19
2026-09-27 07:08:10.285000+00:00,BTC/USDT,500,559077.74,186173.07,0.5004,10002.16,25,320240.19
2026-09-27 07:08:10.285000+00:00,BTC/USDT,500,559077.74,186173.07,0.5004,10002.16,25,320240.19
2026-09-27 07:08:10.285000+00:00,BTC/USDT,500,559077.74,186173.07,0.5004,10002.16,25,320240.19
2026-09-27 07:08:10.285000+00:00,BTC/USDT,500,559077.74,186173.07,0.5004,10002.16,25,320240.19
2026-09-27 07:08:10.285000+00:00,BTC/USDT,500,559077.74,186173.07,0.5004,10002.16,25,320240.19
2026-09-27 07:08:10.285000+00:00,BTC/USDT,500,559077.74,186173.07,0.5004,10002.16,25,320240.19
2026-09-27 07:08:10.285000+00:00,BTC/USDT,500,559077.74,186173.07,0.5004,10002.16,25,320240.19
2026-09-27 07:08:10.285000+00:00,BTC/USDT,500,559077.74,186173.07,0.5004,10002.16,25,320240.19
2026-09-27 07:08:10.285000+00:00,BTC/USDT,500,559077.74,186173.07,0.5004,10002.16,25,320240.19
2026-09-27 07:08:10.285000+00:00,BTC/USDT,500,559077.74,186173.07,0.5004,10002.16,25,320240.19
2026-09-27 07:08:10.285000+00:00,BTC/USDT,500,559077.74,186173.07,0.5004,10002.16,25,320240.19
2026-09-27 07:08:10.285000+00:00,BTC/USDT,500,559077.74,186173.07,0.5004,10002.16,25,320240.19
2026-09-27 07:08:10.285000+00:00,BTC/USDT,500,559077.74,186173.07,0.5004,10002.16,25,320240.19
2026-09-27 07:08:10.285000+00:00,BTC/USDT,500,559077.74,186173.07,0.5004,10002.16,25,320240.19
2026-09-27 07:08:10.285000+00:00,BTC/USDT,500,559077.74,186173.07,0.5004,10002.16,25,320240.19
2026-09-27 07:08:10.285000+00:00,BTC/USDT,500,559077.74,186173.07,0.5004,10002.16,25,320240.19
2026-09-27 07:08:10.285000+00:00,BTC/USDT,500,559077.74,186173.07,0.5004,10002.16,25,320240.19
2026-09-27 07:08:10.285000+00:00,BTC/USDT,500,559077.74,186173.07,0.5004,10002.16,25,320240.19
2026-09-27 07:08:10.285000+00:00,BTC/USDT,500,559077.74,186173.07,0.5004,10002.16,25,320240.19
2026-09-27 07:08:10.285000+00:00,BTC/USDT,500,559077.74,186173.07,0.5004,10002.16,25,320240.19
2026-09-27 07:08:10.285000+00:00,BTC/USDT,500,559077.74,186173.07,0.5004,10002.16,25,320240.19
2026-09-27 07:08:10.285000+00:00,BTC/USDT,500,559077.74,186173.07,0.5004,10002.16,25,320240.19
2026-09-27 07:08:10.285000+00:00,BTC/USDT,500,559077.74,186173.07,0.5004,10002.16,25,320240.19
2026-09-27 07:08:10.285000+00:00,BTC/USDT,500,559077.74,186173.07,0.5004,10002.16,25,320240.19
2026-09-27 07:08:10.285000+00:00,BTC/USDT,500,559077.74,186173.07,0.5004,10002.16,25,320240.19
2026-09-27 07:08:10.285000+00:00,BTC/USDT,500,559077.74,186173.07,0.5004,10002.16,25,320240.19
2026-09-27 07:08:10.285000+00:00,BTC/USDT,500,559077.74,186173.07,0.5004,10002.16,25,320240.19
2026-09-27 07:08:10.285000+00:00,BTC/USDT,500,559077.74,186173.07,0.5004,10002.16,25,320240.19
2026-09-27 07:08:10.285000+00:00,BTC/USDT,500,559077.74,186173.07,0.5004,10002.16,25,320240.19
2026-09-27 07:08:10.285000+00:00,BTC/USDT,500,559077.74,186173.07,0.5004,10002.16,25,320240.19
2026-09-27 07:08:10.285000+00:00,BTC/USDT,500,559077.74,186173.07,0.5004,10002.16,25,320240.19
2026-09-27 07:08:10.285000+00:00,BTC/USDT,500,559077.74,186173.07,0.5004,10002.16,25,320240.19
2026-09-27 07:08:10.285000+00:00,BTC/USDT,500,559077.74,186173.07,0.5004,10002.16,25,320240.19
2026-09-27 07:08:10.285000+00:00,BTC/USDT,500,559077.74,186173.07,0.5004,10002.16,25,320240.19
2026-09-27 07:08:10.285000+00:00,BTC/USDT,500,559077.74,186173.07,0.5004,10002.16,25,320240.19
2026-09-27 07:08:10.285000+00:00,BTC/USDT,500,559077.74,186173.07,0.5004,10002.16,25,320240.19
2026-09-27 07:08:10.285000+00:00,BTC/USDT,500,559077.74,186173.07,0.5004,10002.16,25,320240.19
2026-09-27 07:08:10.285000+00:00,BTC/USDT,500,559077.74,186173.07,0.5004,10002.16,25,320240.19
2026-09-27 07:08:10.285000+00:00,BTC/USDT,500,559077.74,186173.07,0.5004,10002.16,25,320240.19
2026-09-27 07:08:10.285000+00:00,BTC/USDT,500,559077.74,186173.07,0.5004,10002.16,25,320240.19
2026-09-27 07:08:10.285000+00:00,BTC/USDT,500,559077.74,186173.07,0.5004,10002.16,25,320240.19
2026-09-27 07:08:10.285000+00:00,BTC/USDT,500,559077.74,186173.07,0.5004,10002.16,25,320240.19
2026-09-27 07:08:10.285000+00:00,BTC/USDT,500,559077.74,186173.07,0.5004,10002.16,25,320240.19
2026-09-27 07:08:10.285000+00:00,BTC/USDT,500,559077.74,186173.07,0.5004,10002.16,25,320240.19
2026-09-27 07:08:10.285000+00:00,BTC/USDT,500,559077.74,186173.07,0.5004,10002.16,25,320240.19
2026-09-27 07:08:10.285000+00:00,BTC/USDT,500,559077.74,186173.07,0.5004,10002.16,25,320240.19
2026-09-27 07:08:10.285000+00:00,BTC/USDT,500,559077.74,186173.07,0.5004,10002.16,25,320240.19
